{
  "preset_info": {
    "version": 11,
    "title": "Focus Widget",
    "description": "",
    "author": "Varun Pilankar",
    "email": "varun.pilankar@gmail.com",
    "width": 630,
    "height": 630,
    "features": "",
    "release": 346014609,
    "locked": false,
    "pflags": 0
  },
  "preset_root": {
    "internal_events": [
      {
        "action": "KUSTOM_ACTION"
      }
    ],
    "internal_type": "RootLayerModule",
    "globals_list": {
      "font": {
        "index": 1,
        "type": "FONT",
        "title": "font",
        "description": "Use Monospace Fonts for logic to work",
        "global_formula": "",
        "value": "kfile://org.kustom.provider/fonts/Source_Code_Pro_regular.ttf"
      },
      "fsize": {
        "index": 2,
        "type": "NUMBER",
        "title": "fsize",
        "description": "Overall Font size",
        "global_formula": "",
        "min": 0,
        "max": 720,
        "value": 38.0
      },
      "color1": {
        "index": 3,
        "type": "COLOR",
        "title": "color1",
        "description": "",
        "global_formula": "",
        "value": "#FFFFFFFF"
      }
    },
    "viewgroup_items": [
      {
        "internal_type": "StackLayerModule",
        "position_offset_y": 85.0,
        "viewgroup_items": [
          {
            "internal_type": "OverlapLayerModule",
            "viewgroup_items": [
              {
                "internal_type": "StackLayerModule",
                "config_stacking": "HORIZONTAL_TOP",
                "config_margin": 20.0,
                "viewgroup_items": [
                  {
                    "internal_type": "TextModule",
                    "text_size": 60.0,
                    "text_expression": ">",
                    "position_offset_x": -20.0,
                    "internal_toggles": {
                      "text_size": 100,
                      "text_family": 100,
                      "paint_color": 100
                    },
                    "internal_globals": {
                      "text_size": "fsize",
                      "text_family": "font",
                      "paint_color": "color1"
                    }
                  },
                  {
                    "internal_type": "OverlapLayerModule",
                    "viewgroup_items": [
                      {
                        "internal_type": "ShapeModule",
                        "shape_type": "RECT",
                        "shape_width": 120.0,
                        "shape_height": 40.0
                      },
                      {
                        "internal_type": "ShapeModule",
                        "shape_type": "RECT",
                        "shape_width": 110.0,
                        "shape_height": 50.0,
                        "internal_toggles": {
                          "paint_color": 100,
                          "shape_height": 100,
                          "shape_width": 10
                        },
                        "internal_globals": {
                          "paint_color": "color1",
                          "shape_height": "adjh"
                        },
                        "internal_formulas": {
                          "shape_width": "$gv(mult)*tc(len, [b]df(hh:mma)[/b])+gv(adjw)$"
                        }
                      },
                      {
                        "internal_type": "TextModule",
                        "text_size": 60.0,
                        "text_expression": "[b]$df(hh:mma)$[/b]",
                        "position_offset_x": -20.0,
                        "internal_toggles": {
                          "text_size": 100,
                          "text_family": 100,
                          "position_anchor": 10
                        },
                        "internal_globals": {
                          "text_size": "fsize",
                          "text_family": "font"
                        },
                        "paint_mode": "CLEAR",
                        "internal_formulas": {
                          "position_anchor": "$gv(align)$"
                        }
                      }
                    ]
                  },
                  {
                    "internal_type": "TextModule",
                    "text_size": 60.0,
                    "text_expression": "[b]$ df(EEE)$ $df(d)$ $df(MMM)$ [/b]",
                    "position_offset_x": -20.0,
                    "internal_toggles": {
                      "text_size": 100,
                      "text_family": 100,
                      "paint_color": 100
                    },
                    "internal_globals": {
                      "text_size": "fsize",
                      "text_family": "font",
                      "paint_color": "color1"
                    }
                  }
                ]
              }
            ]
          },
          {
            "internal_type": "StackLayerModule",
            "config_stacking": "HORIZONTAL_TOP",
            "config_margin": 10.0,
            "viewgroup_items": [
              {
                "internal_type": "TextModule",
                "text_size": 60.0,
                "text_expression": "> bat ~ $bi(level)$%",
                "position_offset_x": -20.0,
                "internal_toggles": {
                  "text_size": 100,
                  "text_family": 100,
                  "paint_color": 100
                },
                "internal_globals": {
                  "text_size": "fsize",
                  "text_family": "font",
                  "paint_color": "color1"
                }
              },
              {
                "internal_type": "ShapeModule",
                "shape_type": "RECT",
                "shape_height": 40.0,
                "paint_color": "#9AFFFFFF",
                "internal_title": "blink",
                "internal_toggles": {
                  "position_offset_x": 0,
                  "paint_color": 0
                },
                "internal_formulas": {
                  "position_offset_x": "$if(bi(level)!=100, 50, 70)$"
                },
                "internal_globals": {
                  "paint_color": "color1"
                },
                "position_padding_top": 2.0
              }
            ]
          },
          {
            "internal_type": "TextModule",
            "text_size": 60.0,
            "text_expression": ">",
            "position_offset_x": -20.0,
            "internal_toggles": {
              "text_size": 100,
              "text_family": 100,
              "paint_color": 100
            },
            "internal_globals": {
              "text_size": "fsize",
              "text_family": "font",
              "paint_color": "color1"
            }
          },
          {
            "internal_type": "TextModule",
            "text_size": 60.0,
            "text_expression": ">",
            "position_offset_x": -20.0,
            "internal_toggles": {
              "text_size": 100,
              "text_family": 100,
              "paint_color": 100
            },
            "internal_globals": {
              "text_size": "fsize",
              "text_family": "font",
              "paint_color": "color1"
            }
          },
          {
            "internal_type": "StackLayerModule",
            "config_stacking": "HORIZONTAL_TOP",
            "config_margin": 15.0,
            "internal_events": [
              {
                "type": "SINGLE_TAP",
                "action": "SWITCH_GLOBAL",
                "switch": "button1"
              }
            ],
            "config_visible": "IF_NOT_LOCKED",
            "viewgroup_items": [
              {
                "internal_type": "TextModule",
                "text_size": 60.0,
                "text_expression": ">",
                "position_offset_x": -20.0,
                "internal_toggles": {
                  "text_size": 100,
                  "text_family": 100,
                  "paint_color": 100
                },
                "internal_globals": {
                  "text_size": "fsize",
                  "text_family": "font",
                  "paint_color": "color1"
                }
              },
              {
                "internal_type": "TextModule",
                "text_size": 60.0,
                "text_expression": "ls",
                "position_offset_x": -20.0,
                "internal_toggles": {
                  "text_size": 100,
                  "text_family": 100,
                  "paint_color": 100
                },
                "internal_globals": {
                  "text_size": "fsize",
                  "text_family": "font",
                  "paint_color": "color1"
                }
              },
              {
                "internal_type": "OverlapLayerModule",
                "viewgroup_items": [
                  {
                    "internal_type": "ShapeModule",
                    "shape_type": "RECT",
                    "shape_width": 80.0,
                    "shape_height": 40.0
                  },
                  {
                    "internal_type": "TextModule",
                    "text_size": 60.0,
                    "text_expression": "-ni",
                    "position_offset_x": -20.0,
                    "internal_toggles": {
                      "text_size": 100,
                      "text_family": 100
                    },
                    "internal_globals": {
                      "text_size": "fsize",
                      "text_family": "font"
                    },
                    "paint_mode": "CLEAR"
                  }
                ]
              }
            ]
          }
        ]
      }
    ]
  }
}