{
  "preset_info": {
    "version": 11,
    "title": "Focus Widget 1",
    "description": "",
    "author": "Varun Pilankar",
    "email": "varun.pilankar@gmail.com",
    "width": 1038,
    "height": 1398,
    "features": "MUSIC",
    "release": 346014609,
    "locked": false,
    "pflags": 0
  },
  "preset_root": {
    "internal_events": [
      {
        "action": "KUSTOM_ACTION"
      }
    ],
    "internal_type": "RootLayerModule",
    "globals_list": {
      "font": {
        "index": 1,
        "type": "FONT",
        "title": "font",
        "description": "",
        "global_formula": "",
        "value": "kfile://org.kustom.provider/fonts/Source_Code_Pro_regular.ttf"
      },
      "fontsize": {
        "index": 2,
        "type": "NUMBER",
        "title": "fontsize",
        "description": "",
        "global_formula": "",
        "min": 0,
        "max": 720,
        "value": 30.0
      },
      "mprogc": {
        "index": 3,
        "type": "TEXT",
        "title": "mprogc",
        "description": "",
        "global_formula": "",
        "value": "$if(mu(round, mi(percent)/4) - 1 > 0, fl(1, mu(round, mi(percent)/4) - 1, \"i + 1\", \"tc(utf, 003D)\"))$>"
      },
      "adjh": {
        "index": 4,
        "type": "NUMBER",
        "title": "adjh",
        "description": "",
        "global_formula": "",
        "min": 0,
        "max": 720,
        "value": 50.0
      },
      "adjw": {
        "index": 5,
        "type": "NUMBER",
        "title": "adjw",
        "description": "",
        "global_formula": "",
        "min": 0,
        "max": 720,
        "value": 10.0
      },
      "mult": {
        "index": 6,
        "type": "NUMBER",
        "title": "mult",
        "description": "",
        "global_formula": "",
        "min": 0,
        "max": 720,
        "value": 24.0
      },
      "color1": {
        "index": 7,
        "type": "COLOR",
        "title": "color1",
        "description": "",
        "global_formula": "",
        "value": "#FFFFFFFF"
      }
    },
    "viewgroup_items": [
      {
        "internal_type": "StackLayerModule",
        "config_margin": 30.0,
        "viewgroup_items": [
          {
            "internal_type": "OverlapLayerModule",
            "internal_events": [
              {
                "type": "SINGLE_TAP",
                "action": "MUSIC",
                "intent": "intent:#Intent;component=com.google.android.googlequicksearchbox/.SearchActivity;S.org.kustom.intent.label=Google;end",
                "music_action": "OPEN_APP"
              }
            ],
            "position_anchor": "CENTERLEFT",
            "viewgroup_items": [
              {
                "internal_type": "ShapeModule",
                "shape_type": "RECT",
                "shape_width": 230.0,
                "shape_height": 50.0,
                "internal_toggles": {
                  "shape_height": 100,
                  "shape_width": 10
                },
                "internal_formulas": {
                  "shape_width": "$gv(mult)*tc(len,now playing)+gv(adjw)$"
                },
                "internal_globals": {
                  "shape_height": "adjh"
                }
              },
              {
                "internal_type": "TextModule",
                "text_size": 60.0,
                "text_expression": "Now playing",
                "position_offset_x": -20.0,
                "internal_toggles": {
                  "text_size": 100,
                  "text_family": 100
                },
                "internal_globals": {
                  "text_size": "fontsize",
                  "text_family": "font"
                },
                "text_filter": [
                  "LO"
                ],
                "paint_mode": "CLEAR"
              }
            ]
          },
          {
            "internal_type": "StackLayerModule",
            "config_margin": 40.0,
            "internal_events": [
              {
                "type": "SINGLE_TAP",
                "action": "MUSIC",
                "music_action": "OPEN_APP"
              }
            ],
            "viewgroup_items": [
              {
                "internal_type": "BitmapModule",
                "internal_toggles": {
                  "bitmap_bitmap": 10
                },
                "internal_formulas": {
                  "bitmap_bitmap": "$mi(cover)$"
                },
                "bitmap_width": 150.0
              }
            ]
          },
          {
            "internal_type": "OverlapLayerModule",
            "viewgroup_items": [
              {
                "internal_type": "TextModule",
                "text_size": 40.0,
                "text_expression": "[",
                "internal_toggles": {
                  "text_family": 100,
                  "text_size": 100
                },
                "internal_globals": {
                  "text_family": "kfont"
                },
                "position_anchor": "CENTERLEFT"
              },
              {
                "internal_toggles": {
                  "text_size": 0,
                  "text_family": 100
                },
                "internal_globals": {
                  "text_family": "font"
                },
                "internal_type": "CurvedTextModule",
                "text_size": 40.0,
                "text_spacing": -2.0,
                "text_expression": "$gv(mprogc)$",
                "position_anchor": "CENTERLEFT",
                "position_padding_left": 10.0,
                "position_padding_top": 3.0
              },
              {
                "internal_type": "TextModule",
                "text_size": 40.0,
                "text_expression": "]",
                "internal_toggles": {
                  "text_family": 100,
                  "text_size": 100
                },
                "internal_globals": {
                  "text_family": "kfont"
                },
                "position_anchor": "CENTERLEFT",
                "position_padding_left": 550.0
              }
            ]
          },
          {
            "internal_type": "StackLayerModule",
            "config_stacking": "HORIZONTAL_TOP",
            "config_margin": 40.0,
            "viewgroup_items": [
              {
                "internal_type": "OverlapLayerModule",
                "internal_events": [
                  {
                    "type": "SINGLE_TAP",
                    "action": "MUSIC",
                    "intent": "intent:#Intent;component=com.google.android.googlequicksearchbox/.SearchActivity;S.org.kustom.intent.label=Google;end",
                    "music_action": "PREVIOUS"
                  }
                ],
                "position_anchor": "CENTERLEFT",
                "viewgroup_items": [
                  {
                    "internal_type": "ShapeModule",
                    "shape_type": "RECT",
                    "shape_width": 55.0,
                    "shape_height": 50.0,
                    "internal_toggles": {
                      "shape_height": 100,
                      "shape_width": 10
                    },
                    "internal_formulas": {
                      "shape_width": "$gv(mult)*tc(len,\"<<\")+gv(adjw)$"
                    },
                    "internal_globals": {
                      "shape_height": "adjh"
                    }
                  },
                  {
                    "internal_type": "TextModule",
                    "text_size": 60.0,
                    "text_expression": "<<",
                    "position_offset_x": -20.0,
                    "internal_toggles": {
                      "text_size": 100,
                      "text_family": 100
                    },
                    "internal_globals": {
                      "text_size": "fontsize",
                      "text_family": "font"
                    },
                    "text_filter": [
                      "LO"
                    ],
                    "paint_mode": "CLEAR"
                  }
                ]
              },
              {
                "internal_type": "OverlapLayerModule",
                "internal_events": [
                  {
                    "type": "SINGLE_TAP",
                    "action": "MUSIC",
                    "intent": "intent:#Intent;component=com.google.android.googlequicksearchbox/.SearchActivity;S.org.kustom.intent.label=Google;end"
                  }
                ],
                "position_anchor": "CENTERLEFT",
                "viewgroup_items": [
                  {
                    "internal_type": "ShapeModule",
                    "shape_type": "RECT",
                    "shape_width": 55.0,
                    "shape_height": 50.0,
                    "internal_toggles": {
                      "shape_height": 100,
                      "shape_width": 10
                    },
                    "internal_formulas": {
                      "shape_width": "$gv(mult)*tc(len, if(mi(state)=PLAYING, \"--\",\">\"))+gv(adjw)$"
                    },
                    "internal_globals": {
                      "shape_height": "adjh"
                    }
                  },
                  {
                    "internal_type": "TextModule",
                    "text_size": 60.0,
                    "text_expression": "$if(mi(state)=PLAYING, \"×\", \">\")$",
                    "position_offset_x": -20.0,
                    "internal_toggles": {
                      "text_size": 100,
                      "text_family": 100
                    },
                    "internal_globals": {
                      "text_size": "fontsize",
                      "text_family": "font"
                    },
                    "paint_mode": "CLEAR"
                  }
                ]
              },
              {
                "internal_type": "OverlapLayerModule",
                "internal_events": [
                  {
                    "type": "SINGLE_TAP",
                    "action": "MUSIC",
                    "intent": "intent:#Intent;component=com.google.android.googlequicksearchbox/.SearchActivity;S.org.kustom.intent.label=Google;end",
                    "music_action": "NEXT"
                  }
                ],
                "position_anchor": "CENTERLEFT",
                "viewgroup_items": [
                  {
                    "internal_type": "ShapeModule",
                    "shape_type": "RECT",
                    "shape_width": 55.0,
                    "shape_height": 50.0,
                    "internal_toggles": {
                      "shape_height": 100,
                      "shape_width": 10
                    },
                    "internal_formulas": {
                      "shape_width": "$gv(mult)*tc(len,\">>\")+gv(adjw)$"
                    },
                    "internal_globals": {
                      "shape_height": "adjh"
                    }
                  },
                  {
                    "internal_type": "TextModule",
                    "text_size": 60.0,
                    "text_expression": ">>",
                    "position_offset_x": -20.0,
                    "internal_toggles": {
                      "text_size": 100,
                      "text_family": 100
                    },
                    "internal_globals": {
                      "text_size": "fontsize",
                      "text_family": "font"
                    },
                    "text_filter": [
                      "LO"
                    ],
                    "paint_mode": "CLEAR"
                  }
                ]
              },
              {
                "internal_type": "OverlapLayerModule",
                "viewgroup_items": [
                  {
                    "internal_toggles": {
                      "text_family": 100
                    },
                    "internal_globals": {
                      "text_family": "font"
                    },
                    "internal_type": "CurvedTextModule",
                    "text_size": 31.0,
                    "text_spacing": -2.0,
                    "text_expression": "ETA $mu(round,mi(percent))$% | $tf(mi(len) - mi(pos), MM:ss)$",
                    "position_padding_top": 15.0
                  }
                ]
              }
            ]
          }
        ]
      },
      {
        "internal_toggles": {
          "config_visible": 10
        },
        "internal_formulas": {
          "config_visible": "$if(mi(state) = PLAYING, always, never)$"
        },
        "internal_title": "mt_still",
        "internal_type": "OverlapLayerModule",
        "position_offset_x": 250.0,
        "position_anchor": "CENTERLEFT",
        "position_offset_y": -100.0,
        "viewgroup_items": [
          {
            "internal_type": "TextModule",
            "text_size": 60.0,
            "text_expression": "$mi(title)$",
            "position_offset_x": -20.0,
            "internal_toggles": {
              "text_size": 100,
              "text_family": 100,
              "paint_color": 100
            },
            "internal_globals": {
              "text_size": "fontsize",
              "text_family": "font",
              "paint_color": "color1"
            },
            "text_width": 800.0
          }
        ]
      },
      {
        "internal_toggles": {
          "config_visible": 10
        },
        "internal_formulas": {
          "config_visible": "$if(gv(button1) =1& mi(state) = PLAYING & gv(len_ma)<=gv(cutoff), always, never)$"
        },
        "internal_title": "ma_still",
        "internal_type": "OverlapLayerModule",
        "position_offset_x": 250.0,
        "position_anchor": "CENTERLEFT",
        "viewgroup_items": [
          {
            "internal_type": "TextModule",
            "text_size": 60.0,
            "text_expression": "$mi(artist)$",
            "position_offset_x": -20.0,
            "internal_toggles": {
              "text_size": 100,
              "text_family": 100,
              "paint_color": 100
            },
            "internal_globals": {
              "text_size": "fontsize",
              "text_family": "font",
              "paint_color": "color1"
            },
            "text_width": 800.0
          }
        ]
      }
    ]
  }
}