{
  "preset_info": {
    "version": 11,
    "title": "Focus Widget 2",
    "description": "App Dock",
    "author": "Varun Pilankar",
    "email": "varun.pilankar@gmail.com",
    "width": 1038,
    "height": 1398,
    "features": "",
    "release": 346014609,
    "locked": false,
    "pflags": 0
  },
  "preset_root": {
    "internal_events": [
      {
        "action": "KUSTOM_ACTION"
      }
    ],
    "internal_type": "RootLayerModule",
    "globals_list": {
      "font": {
        "index": 1,
        "type": "FONT",
        "title": "font",
        "description": "",
        "global_formula": "",
        "value": "kfile://org.kustom.provider/fonts/Source_Code_Pro_regular.ttf"
      },
      "fontsize": {
        "index": 2,
        "type": "NUMBER",
        "title": "fontsize",
        "description": "",
        "global_formula": "",
        "min": 0,
        "max": 720,
        "value": 30.0
      },
      "adjh": {
        "index": 4,
        "type": "NUMBER",
        "title": "adjh",
        "description": "",
        "global_formula": "",
        "min": 0,
        "max": 720,
        "value": 40.0
      },
      "adjw": {
        "index": 5,
        "type": "NUMBER",
        "title": "adjw",
        "description": "",
        "global_formula": "",
        "min": 0,
        "max": 720,
        "value": 10.0
      },
      "mult": {
        "index": 6,
        "type": "NUMBER",
        "title": "mult",
        "description": "",
        "global_formula": "",
        "min": 0,
        "max": 720,
        "value": 18.0
      },
      "color1": {
        "index": 7,
        "type": "COLOR",
        "title": "color1",
        "description": "",
        "global_formula": "",
        "value": "#FFFFFFFF"
      },
      "help": {
        "index": 8,
        "type": "SWITCH",
        "title": "help",
        "description": "",
        "global_formula": "",
        "value": 0
      },
      "app1": {
        "index": 9,
        "type": "TEXT",
        "title": "app1",
        "description": "",
        "global_formula": "",
        "value": "phone"
      },
      "app2": {
        "index": 10,
        "type": "TEXT",
        "title": "app2",
        "description": "",
        "global_formula": "",
        "value": "message"
      },
      "app3": {
        "index": 11,
        "type": "TEXT",
        "title": "app3",
        "description": "",
        "global_formula": "",
        "value": "email"
      },
      "app4": {
        "index": 12,
        "type": "TEXT",
        "title": "app4",
        "description": "",
        "global_formula": "",
        "value": "web"
      },
      "app5": {
        "index": 13,
        "type": "TEXT",
        "title": "app5",
        "description": "",
        "global_formula": "",
        "value": "search"
      },
      "app6": {
        "index": 14,
        "type": "TEXT",
        "title": "app6",
        "description": "",
        "global_formula": "",
        "value": "note"
      },
      "app7": {
        "index": 15,
        "type": "TEXT",
        "title": "app7",
        "description": "",
        "global_formula": "",
        "value": "calc"
      },
      "lpad": {
        "index": 16,
        "type": "NUMBER",
        "title": "lpad",
        "description": "",
        "global_formula": "",
        "min": 0,
        "max": 720,
        "value": 5.0
      }
    },
    "viewgroup_items": [
      {
        "internal_toggles": {
          "config_visible": 10
        },
        "internal_formulas": {
          "config_visible": "$if(gv(help)=0,REMOVE, ALWAYS)$"
        },
        "internal_title": "help",
        "internal_type": "OverlapLayerModule",
        "position_offset_x": -135.0,
        "viewgroup_items": [
          {
            "internal_type": "StackLayerModule",
            "config_stacking": "HORIZONTAL_TOP",
            "config_margin": 240.0,
            "viewgroup_items": [
              {
                "internal_type": "StackLayerModule",
                "config_margin": 26.0,
                "position_offset_x": -260.0,
                "internal_title": "f_row1",
                "viewgroup_items": [
                  {
                    "internal_type": "TextModule",
                    "text_size": 60.0,
                    "text_expression": "app1",
                    "position_offset_x": -20.0,
                    "internal_toggles": {
                      "text_size": 100,
                      "text_family": 100,
                      "text_expression": 0,
                      "position_padding_left": 100,
                      "position_anchor": 10
                    },
                    "internal_globals": {
                      "text_size": "fontsize",
                      "text_family": "font",
                      "text_expression": "app1",
                      "position_padding_left": "margin"
                    },
                    "text_filter": [
                      "LO"
                    ],
                    "position_anchor": "CENTERLEFT",
                    "position_padding_left": 5.0,
                    "internal_formulas": {
                      "position_anchor": "$gv(align)$"
                    },
                    "internal_title": "pos1"
                  },
                  {
                    "internal_type": "TextModule",
                    "text_size": 60.0,
                    "text_expression": "app2",
                    "position_offset_x": -20.0,
                    "internal_toggles": {
                      "text_size": 100,
                      "text_family": 100,
                      "position_padding_left": 100,
                      "text_expression": 0,
                      "position_anchor": 10
                    },
                    "internal_globals": {
                      "text_size": "fontsize",
                      "text_family": "font",
                      "position_padding_left": "margin",
                      "text_expression": "app2"
                    },
                    "text_filter": [
                      "LO"
                    ],
                    "position_anchor": "CENTERLEFT",
                    "position_padding_left": 5.0,
                    "internal_formulas": {
                      "position_anchor": "$gv(align)$"
                    },
                    "internal_title": "pos2"
                  },
                  {
                    "internal_type": "TextModule",
                    "text_size": 60.0,
                    "text_expression": "app3",
                    "position_offset_x": -20.0,
                    "internal_toggles": {
                      "text_size": 100,
                      "text_family": 100,
                      "position_padding_left": 100,
                      "text_expression": 0,
                      "position_anchor": 10
                    },
                    "internal_globals": {
                      "text_size": "fontsize",
                      "text_family": "font",
                      "position_padding_left": "margin",
                      "text_expression": "app3"
                    },
                    "text_filter": [
                      "LO"
                    ],
                    "position_anchor": "CENTERLEFT",
                    "position_padding_left": 5.0,
                    "internal_formulas": {
                      "position_anchor": "$gv(align)$"
                    },
                    "internal_title": "pos3"
                  },
                  {
                    "internal_type": "TextModule",
                    "text_size": 60.0,
                    "text_expression": "app4",
                    "position_offset_x": -20.0,
                    "internal_toggles": {
                      "text_size": 100,
                      "text_family": 100,
                      "position_padding_left": 100,
                      "text_expression": 0,
                      "position_anchor": 10
                    },
                    "internal_globals": {
                      "text_size": "fontsize",
                      "text_family": "font",
                      "position_padding_left": "margin",
                      "text_expression": "app4"
                    },
                    "text_filter": [
                      "LO"
                    ],
                    "position_anchor": "CENTERLEFT",
                    "position_padding_left": 5.0,
                    "internal_formulas": {
                      "position_anchor": "$gv(align)$"
                    },
                    "internal_title": "pos4"
                  }
                ]
              },
              {
                "internal_type": "StackLayerModule",
                "config_margin": 26.0,
                "position_offset_x": -260.0,
                "internal_title": "f_row2",
                "viewgroup_items": [
                  {
                    "internal_type": "TextModule",
                    "text_size": 60.0,
                    "text_expression": "app5",
                    "position_offset_x": -20.0,
                    "internal_toggles": {
                      "text_size": 100,
                      "text_family": 100,
                      "position_padding_left": 100,
                      "text_expression": 0,
                      "position_anchor": 10
                    },
                    "internal_globals": {
                      "text_size": "fontsize",
                      "text_family": "font",
                      "position_padding_left": "margin",
                      "text_expression": "app5"
                    },
                    "text_filter": [
                      "LO"
                    ],
                    "position_anchor": "CENTERLEFT",
                    "internal_formulas": {
                      "position_anchor": "$gv(align)$"
                    },
                    "internal_title": "pos5"
                  },
                  {
                    "internal_type": "TextModule",
                    "text_size": 60.0,
                    "text_expression": "app6",
                    "position_offset_x": -20.0,
                    "internal_toggles": {
                      "text_size": 100,
                      "text_family": 100,
                      "position_padding_left": 100,
                      "text_expression": 0,
                      "position_anchor": 10
                    },
                    "internal_globals": {
                      "text_size": "fontsize",
                      "text_family": "font",
                      "position_padding_left": "margin",
                      "text_expression": "app6"
                    },
                    "text_filter": [
                      "LO"
                    ],
                    "position_anchor": "CENTERLEFT",
                    "internal_formulas": {
                      "position_anchor": "$gv(align)$"
                    },
                    "internal_title": "pos6"
                  },
                  {
                    "internal_type": "TextModule",
                    "text_size": 60.0,
                    "text_expression": "app7",
                    "position_offset_x": -20.0,
                    "internal_toggles": {
                      "text_size": 100,
                      "text_family": 100,
                      "position_padding_left": 100,
                      "text_expression": 0,
                      "position_anchor": 10
                    },
                    "internal_globals": {
                      "text_size": "fontsize",
                      "text_family": "font",
                      "position_padding_left": "margin",
                      "text_expression": "app7"
                    },
                    "text_filter": [
                      "LO"
                    ],
                    "position_anchor": "CENTERLEFT",
                    "internal_formulas": {
                      "position_anchor": "$gv(align)$"
                    },
                    "internal_title": "pos7"
                  },
                  {
                    "internal_type": "TextModule",
                    "text_size": 60.0,
                    "text_expression": "app8",
                    "position_offset_x": -20.0,
                    "internal_toggles": {
                      "text_size": 100,
                      "text_family": 100,
                      "position_padding_left": 100,
                      "text_expression": 0,
                      "position_anchor": 10
                    },
                    "internal_globals": {
                      "text_size": "fontsize",
                      "text_family": "font",
                      "position_padding_left": "margin",
                      "text_expression": "app7"
                    },
                    "text_filter": [
                      "LO"
                    ],
                    "position_anchor": "CENTERLEFT",
                    "internal_formulas": {
                      "position_anchor": "$gv(align)$"
                    },
                    "internal_title": "pos8"
                  }
                ]
              }
            ]
          }
        ]
      },
      {
        "internal_type": "StackLayerModule",
        "config_stacking": "HORIZONTAL_TOP",
        "config_margin": 160.0,
        "config_visible": "IF_NOT_LOCKED",
        "internal_title": "focus apps",
        "viewgroup_items": [
          {
            "internal_type": "StackLayerModule",
            "config_margin": 26.0,
            "position_offset_x": -260.0,
            "internal_title": "f_row1",
            "viewgroup_items": [
              {
                "internal_type": "OverlapLayerModule",
                "internal_events": [
                  {
                    "type": "SINGLE_TAP",
                    "action": "LAUNCH_APP",
                    "intent": "intent:#Intent;action=android.intent.action.MAIN;category=android.intent.category.LAUNCHER;component=com.android.dialer/com.oneplus.contacts.activities.OPDialtactsActivity;S.org.kustom.intent.label=Phone;end"
                  }
                ],
                "internal_title": "app1",
                "viewgroup_items": [
                  {
                    "internal_type": "ShapeModule",
                    "shape_type": "RECT",
                    "shape_width": 125.0,
                    "shape_height": 50.0,
                    "internal_toggles": {
                      "shape_width": 10,
                      "shape_height": 100,
                      "position_anchor": 0
                    },
                    "internal_formulas": {
                      "shape_width": "$gv(mult)*tc(len, gv(app1))+gv(adjw)$",
                      "position_anchor": "$gv(align)$"
                    },
                    "internal_globals": {
                      "shape_height": "adjh"
                    }
                  },
                  {
                    "internal_type": "TextModule",
                    "text_size": 60.0,
                    "text_expression": "",
                    "position_offset_x": -20.0,
                    "internal_toggles": {
                      "text_size": 100,
                      "text_family": 100,
                      "text_expression": 100,
                      "position_padding_left": 100,
                      "position_anchor": 10
                    },
                    "internal_globals": {
                      "text_size": "fontsize",
                      "text_family": "font",
                      "text_expression": "app1",
                      "position_padding_left": "lpad"
                    },
                    "text_filter": [
                      "LO"
                    ],
                    "paint_mode": "CLEAR",
                    "position_anchor": "CENTERLEFT",
                    "position_padding_left": 5.0,
                    "internal_formulas": {
                      "position_anchor": ""
                    }
                  }
                ]
              },
              {
                "internal_type": "OverlapLayerModule",
                "internal_events": [
                  {
                    "type": "SINGLE_TAP",
                    "action": "LAUNCH_APP",
                    "intent": "intent:#Intent;action=android.intent.action.MAIN;category=android.intent.category.LAUNCHER;component=com.android.mms/.ui.ConversationList;S.org.kustom.intent.label=Messaging;end"
                  }
                ],
                "internal_title": "app2",
                "viewgroup_items": [
                  {
                    "internal_type": "ShapeModule",
                    "shape_type": "RECT",
                    "shape_width": 165.0,
                    "shape_height": 50.0,
                    "internal_toggles": {
                      "shape_height": 100,
                      "shape_width": 10,
                      "position_anchor": 10
                    },
                    "internal_formulas": {
                      "shape_width": "$gv(mult)*tc(len, gv(app2))+gv(adjw)$",
                      "position_anchor": "$gv(align)$"
                    },
                    "internal_globals": {
                      "shape_height": "adjh"
                    },
                    "position_anchor": "CENTERLEFT"
                  },
                  {
                    "internal_type": "TextModule",
                    "text_size": 60.0,
                    "text_expression": "$gv(app2)$",
                    "position_offset_x": -20.0,
                    "internal_toggles": {
                      "text_size": 100,
                      "text_family": 100,
                      "position_padding_left": 100,
                      "text_expression": 100,
                      "position_anchor": 10
                    },
                    "internal_globals": {
                      "text_size": "fontsize",
                      "text_family": "font",
                      "position_padding_left": "lpad",
                      "text_expression": "app2"
                    },
                    "text_filter": [
                      "LO"
                    ],
                    "paint_mode": "CLEAR",
                    "position_anchor": "CENTERLEFT",
                    "position_padding_left": 5.0,
                    "internal_formulas": {
                      "position_anchor": "$gv(align)$"
                    }
                  }
                ]
              },
              {
                "internal_type": "OverlapLayerModule",
                "internal_events": [
                  {
                    "type": "SINGLE_TAP",
                    "action": "LAUNCH_APP",
                    "intent": "intent:#Intent;action=android.intent.action.MAIN;category=android.intent.category.LAUNCHER;component=com.microsoft.office.outlook/.MainActivity;S.org.kustom.intent.label=Outlook;end"
                  }
                ],
                "internal_title": "app3",
                "viewgroup_items": [
                  {
                    "internal_type": "ShapeModule",
                    "shape_type": "RECT",
                    "shape_width": 90.0,
                    "shape_height": 50.0,
                    "internal_toggles": {
                      "shape_height": 100,
                      "shape_width": 10,
                      "position_anchor": 10
                    },
                    "internal_formulas": {
                      "shape_width": "$gv(mult)*tc(len, gv(app3))+gv(adjw)$",
                      "position_anchor": "$gv(align)$"
                    },
                    "internal_globals": {
                      "shape_height": "adjh"
                    },
                    "position_anchor": "CENTERLEFT"
                  },
                  {
                    "internal_type": "TextModule",
                    "text_size": 60.0,
                    "text_expression": "$gv(app3)$",
                    "position_offset_x": -20.0,
                    "internal_toggles": {
                      "text_size": 100,
                      "text_family": 100,
                      "position_padding_left": 100,
                      "text_expression": 100,
                      "position_anchor": 10
                    },
                    "internal_globals": {
                      "text_size": "fontsize",
                      "text_family": "font",
                      "position_padding_left": "lpad",
                      "text_expression": "app3"
                    },
                    "text_filter": [
                      "LO"
                    ],
                    "paint_mode": "CLEAR",
                    "position_anchor": "CENTERLEFT",
                    "position_padding_left": 5.0,
                    "internal_formulas": {
                      "position_anchor": "$gv(align)$"
                    }
                  }
                ]
              },
              {
                "internal_type": "OverlapLayerModule",
                "internal_events": [
                  {
                    "type": "SINGLE_TAP",
                    "action": "LAUNCH_APP",
                    "intent": "intent:#Intent;action=android.intent.action.MAIN;category=android.intent.category.LAUNCHER;component=org.mozilla.firefox/.App;S.org.kustom.intent.label=Firefox;end"
                  }
                ],
                "internal_title": "app4",
                "viewgroup_items": [
                  {
                    "internal_type": "ShapeModule",
                    "shape_type": "RECT",
                    "shape_width": 90.0,
                    "shape_height": 50.0,
                    "internal_toggles": {
                      "shape_height": 100,
                      "shape_width": 10,
                      "position_anchor": 10
                    },
                    "internal_formulas": {
                      "shape_width": "$gv(mult)*tc(len, gv(app4))+gv(adjw)$",
                      "position_anchor": "$gv(align)$"
                    },
                    "internal_globals": {
                      "shape_height": "adjh"
                    },
                    "position_anchor": "CENTERLEFT"
                  },
                  {
                    "internal_type": "TextModule",
                    "text_size": 60.0,
                    "text_expression": "$gv(app4)$",
                    "position_offset_x": -20.0,
                    "internal_toggles": {
                      "text_size": 100,
                      "text_family": 100,
                      "position_padding_left": 100,
                      "text_expression": 100,
                      "position_anchor": 10
                    },
                    "internal_globals": {
                      "text_size": "fontsize",
                      "text_family": "font",
                      "position_padding_left": "lpad",
                      "text_expression": "app4"
                    },
                    "text_filter": [
                      "LO"
                    ],
                    "paint_mode": "CLEAR",
                    "position_anchor": "CENTERLEFT",
                    "position_padding_left": 5.0,
                    "internal_formulas": {
                      "position_anchor": "$gv(align)$"
                    }
                  }
                ]
              }
            ]
          },
          {
            "internal_type": "StackLayerModule",
            "config_margin": 32.0,
            "position_offset_x": -260.0,
            "internal_title": "f_row2",
            "viewgroup_items": [
              {
                "internal_type": "OverlapLayerModule",
                "internal_events": [
                  {
                    "type": "SINGLE_TAP",
                    "action": "LAUNCH_ACTIVITY",
                    "intent": "intent:#Intent;component=com.google.android.googlequicksearchbox/.SearchActivity;S.org.kustom.intent.label=Google;end"
                  }
                ],
                "internal_title": "app5",
                "viewgroup_items": [
                  {
                    "internal_type": "ShapeModule",
                    "shape_type": "RECT",
                    "shape_width": 130.0,
                    "shape_height": 50.0,
                    "internal_toggles": {
                      "shape_height": 100,
                      "shape_width": 10,
                      "position_anchor": 10
                    },
                    "internal_formulas": {
                      "shape_width": "$gv(mult)*tc(len, gv(app5))+gv(adjw)$",
                      "position_anchor": "$gv(align)$"
                    },
                    "internal_globals": {
                      "shape_height": "adjh"
                    },
                    "position_anchor": "CENTERLEFT"
                  },
                  {
                    "internal_type": "TextModule",
                    "text_size": 60.0,
                    "text_expression": "",
                    "position_offset_x": -20.0,
                    "internal_toggles": {
                      "text_size": 100,
                      "text_family": 100,
                      "position_padding_left": 100,
                      "text_expression": 100,
                      "position_anchor": 0
                    },
                    "internal_globals": {
                      "text_size": "fontsize",
                      "text_family": "font",
                      "position_padding_left": "lpad",
                      "text_expression": "app5"
                    },
                    "text_filter": [
                      "LO"
                    ],
                    "paint_mode": "CLEAR",
                    "position_anchor": "CENTERLEFT",
                    "internal_formulas": {
                      "position_anchor": "$gv(align)$"
                    }
                  }
                ]
              },
              {
                "internal_type": "OverlapLayerModule",
                "internal_events": [
                  {
                    "type": "SINGLE_TAP",
                    "action": "LAUNCH_SHORTCUT",
                    "intent": "intent:#Intent;action=com.evernote.widget.action.CREATE_QUICK_NOTE;launchFlags=0x10008000;S.NOTEBOOK_GUID=6bfa8d3d-1b49-48a7-97a9-b1838386d250;S.org.kustom.intent.label=Evernote%20actions;S.WIDGET_TYPE=widget_button;end"
                  }
                ],
                "internal_title": "app6",
                "viewgroup_items": [
                  {
                    "internal_type": "ShapeModule",
                    "shape_type": "RECT",
                    "shape_width": 115.0,
                    "shape_height": 50.0,
                    "internal_toggles": {
                      "shape_width": 10,
                      "shape_height": 100,
                      "position_anchor": 10
                    },
                    "internal_formulas": {
                      "shape_width": "$gv(mult)*tc(len, gv(app6))+gv(adjw)$",
                      "position_anchor": "$gv(align)$"
                    },
                    "internal_globals": {
                      "shape_height": "adjh"
                    },
                    "position_anchor": "CENTERLEFT"
                  },
                  {
                    "internal_type": "TextModule",
                    "text_size": 60.0,
                    "text_expression": "$gv(app6)$",
                    "position_offset_x": -20.0,
                    "internal_toggles": {
                      "text_size": 100,
                      "text_family": 100,
                      "position_padding_left": 100,
                      "text_expression": 100,
                      "position_anchor": 10
                    },
                    "internal_globals": {
                      "text_size": "fontsize",
                      "text_family": "font",
                      "position_padding_left": "lpad",
                      "text_expression": "app6"
                    },
                    "text_filter": [
                      "LO"
                    ],
                    "paint_mode": "CLEAR",
                    "position_anchor": "CENTERLEFT",
                    "internal_formulas": {
                      "position_anchor": "$gv(align)$"
                    }
                  }
                ]
              },
              {
                "internal_type": "OverlapLayerModule",
                "internal_events": [
                  {
                    "type": "SINGLE_TAP",
                    "action": "LAUNCH_APP",
                    "intent": "intent:#Intent;action=android.intent.action.MAIN;category=android.intent.category.LAUNCHER;component=org.solovyev.android.calculator/.CalculatorActivity;S.org.kustom.intent.label=Calculator%2B%2B;end"
                  }
                ],
                "internal_title": "app7",
                "viewgroup_items": [
                  {
                    "internal_type": "ShapeModule",
                    "shape_type": "RECT",
                    "shape_width": 85.0,
                    "shape_height": 50.0,
                    "internal_toggles": {
                      "shape_width": 10,
                      "shape_height": 100,
                      "position_anchor": 10
                    },
                    "internal_formulas": {
                      "shape_width": "$gv(mult)*tc(len, gv(app7))+gv(adjw)$",
                      "position_anchor": "$gv(align)$"
                    },
                    "internal_globals": {
                      "shape_height": "adjh"
                    },
                    "position_anchor": "CENTERLEFT"
                  },
                  {
                    "internal_type": "TextModule",
                    "text_size": 60.0,
                    "text_expression": "$gv(app7)$",
                    "position_offset_x": -20.0,
                    "internal_toggles": {
                      "text_size": 100,
                      "text_family": 100,
                      "position_padding_left": 100,
                      "text_expression": 100,
                      "position_anchor": 10
                    },
                    "internal_globals": {
                      "text_size": "fontsize",
                      "text_family": "font",
                      "position_padding_left": "lpad",
                      "text_expression": "app7"
                    },
                    "text_filter": [
                      "LO"
                    ],
                    "paint_mode": "CLEAR",
                    "position_anchor": "CENTERLEFT",
                    "internal_formulas": {
                      "position_anchor": "$gv(align)$"
                    }
                  }
                ]
              },
              {
                "internal_type": "FontIconModule",
                "icon_icon": "keyboard_control",
                "icon_size": 60.0,
                "internal_toggles": {
                  "icon_size": 0
                },
                "internal_globals": {
                  "icon_size": "fontsize"
                },
                "internal_events": [
                  {
                    "type": "SINGLE_TAP",
                    "action": "LAUNCH_SHORTCUT",
                    "intent": "intent:#Intent;action=com.teslacoilsw.launcher.ACTION;launchFlags=0x10000000;component=com.teslacoilsw.launcher/.NovaShortcutHandler;S.LAUNCHER_ACTION=APP_DRAWER;S.org.kustom.intent.label=Nova%20action;end"
                  }
                ],
                "internal_title": "menu"
              }
            ]
          }
        ]
      }
    ]
  }
}